nivel,grado,seccion,dia,hora_inicio,hora_fin,materia,grupo_paralelo
MEDIA GENERAL,1ER AÑO,1ER AÑO A,1,07:00,08:20,"GEOGRAFIA, HISTORIA Y SOBERANIA NACIONAL",
MEDIA GENERAL,1ER AÑO,1ER AÑO A,2,07:00,08:20,FÍSICA,
MEDIA GENERAL,1ER AÑO,1ER AÑO A,3,07:00,08:20,LENGUA Y LITERATURA,
MEDIA GENERAL,1ER AÑO,1ER AÑO A,4,07:00,08:20,INGLÉS,1
MEDIA GENERAL,1ER AÑO,1ER AÑO A,4,07:00,08:20,FINANZAS,2
MEDIA GENERAL,1ER AÑO,1ER AÑO A,5,07:00,08:20,MATEMÁTICA,
MEDIA GENERAL,1ER AÑO,1ER AÑO A,1,08:35,09:55,INGLÉS,1
MEDIA GENERAL,1ER AÑO,1ER AÑO A,1,08:35,09:55,ROBOTICA,2
MEDIA GENERAL,1ER AÑO,1ER AÑO A,2,08:35,09:55,EDUCACIÓN FÍSICA,
MEDIA GENERAL,1ER AÑO,1ER AÑO A,3,08:35,09:55,MATEMÁTICA,
MEDIA GENERAL,1ER AÑO,1ER AÑO A,4,08:35,09:55,INGLÉS,2
MEDIA GENERAL,1ER AÑO,1ER AÑO A,4,08:35,09:55,FINANZAS,1
MEDIA GENERAL,1ER AÑO,1ER AÑO A,5,08:35,09:55,INGLÉS,2
MEDIA GENERAL,1ER AÑO,1ER AÑO A,5,08:35,09:55,ROBOTICA,1
MEDIA GENERAL,1ER AÑO,1ER AÑO A,1,10:10,11:30,FORMACIÓN HUMANO CRISTIANA,
MEDIA GENERAL,1ER AÑO,1ER AÑO A,2,10:10,11:30,"BIOLOGIA, AMBIENTE Y TECNOLOGIA",
MEDIA GENERAL,1ER AÑO,1ER AÑO A,3,10:10,11:30,INGLÉS,1
MEDIA GENERAL,1ER AÑO,1ER AÑO A,3,10:10,11:30,INNOVACIÓN TECNOLOGICA,2
MEDIA GENERAL,1ER AÑO,1ER AÑO A,4,10:10,11:30,INNOVACIÓN TECNOLOGICA Y PRODUCTIVA,
MEDIA GENERAL,1ER AÑO,1ER AÑO A,5,10:10,11:30,ORIENTACIÓN VOCACIONAL,
MEDIA GENERAL,1ER AÑO,1ER AÑO A,1,11:45,13:05,LENGUA Y LITERATURA,
MEDIA GENERAL,1ER AÑO,1ER AÑO A,2,11:45,13:05,ORIENTACIÓN VOCACIONAL,
MEDIA GENERAL,1ER AÑO,1ER AÑO A,3,11:45,13:05,INGLÉS,2
MEDIA GENERAL,1ER AÑO,1ER AÑO A,3,11:45,13:05,INNOVACIONES TECNOLOGICAS,1
MEDIA GENERAL,1ER AÑO,1ER AÑO A,4,11:45,13:05,"BIOLOGIA, AMBIENTE Y TECNOLOGIA",
MEDIA GENERAL,1ER AÑO,1ER AÑO A,5,11:45,13:05,QUIMICA,
MEDIA GENERAL,1ER AÑO,1ER AÑO A,2,13:35,14:55,EDUCACIÓN FÍSICA,HEMBRAS
MEDIA GENERAL,1ER AÑO,1ER AÑO A,4,13:35,14:55,"GEOGRAFIA, HISTORIA Y SOBERANIA NACIONAL",
MEDIA GENERAL,1ER AÑO,1ER AÑO A,5,13:35,14:55,EDUCACIÓN FÍSICA,VARONES
MEDIA GENERAL,1ER AÑO,1ER AÑO B,1,07:00,08:20,INGLÉS,1
MEDIA GENERAL,1ER AÑO,1ER AÑO B,1,07:00,08:20,ROBOTICA,2
MEDIA GENERAL,1ER AÑO,1ER AÑO B,2,07:00,08:20,EDUCACIÓN FÍSICA,
MEDIA GENERAL,1ER AÑO,1ER AÑO B,3,07:00,08:20,FORMACIÓN HUMANO CRISTIANA,
MEDIA GENERAL,1ER AÑO,1ER AÑO B,4,07:00,08:20,MATEMÁTICA,
MEDIA GENERAL,1ER AÑO,1ER AÑO B,5,07:00,08:20,INGLÉS,2
MEDIA GENERAL,1ER AÑO,1ER AÑO B,5,07:00,08:20,ROBOTICA,1
MEDIA GENERAL,1ER AÑO,1ER AÑO B,1,08:35,09:55,"BIOLOGIA, AMBIENTE Y TECNOLOGIA",
MEDIA GENERAL,1ER AÑO,1ER AÑO B,2,08:35,09:55,LENGUA Y LITERATURA,
MEDIA GENERAL,1ER AÑO,1ER AÑO B,3,08:35,09:55,INNOVACIÓN TECNOLOGICA Y PRODUCTIVA,
MEDIA GENERAL,1ER AÑO,1ER AÑO B,4,08:35,09:55,ORIENTACIÓN VOCACIONAL,
MEDIA GENERAL,1ER AÑO,1ER AÑO B,5,08:35,09:55,"GEOGRAFIA, HISTORIA Y SOBERANIA NACIONAL",
MEDIA GENERAL,1ER AÑO,1ER AÑO B,1,10:10,11:30,"GEOGRAFIA, HISTORIA Y SOBERANIA NACIONAL",
MEDIA GENERAL,1ER AÑO,1ER AÑO B,2,10:10,11:30,INGLÉS,1
MEDIA GENERAL,1ER AÑO,1ER AÑO B,2,10:10,11:30,FINANZAS,2
MEDIA GENERAL,1ER AÑO,1ER AÑO B,3,10:10,11:30,FÍSICA,
MEDIA GENERAL,1ER AÑO,1ER AÑO B,4,10:10,11:30,"BIOLOGIA, AMBIENTE Y TECNOLOGIA",
MEDIA GENERAL,1ER AÑO,1ER AÑO B,5,10:10,11:30,QUIMICA,
MEDIA GENERAL,1ER AÑO,1ER AÑO B,1,11:45,13:05,ORIENTACIÓN VOCACIONAL,
MEDIA GENERAL,1ER AÑO,1ER AÑO B,2,11:45,13:05,INGLÉS,2
MEDIA GENERAL,1ER AÑO,1ER AÑO B,2,11:45,13:05,FINANZAS,1
MEDIA GENERAL,1ER AÑO,1ER AÑO B,3,11:45,13:05,LENGUA Y LITERATURA,
MEDIA GENERAL,1ER AÑO,1ER AÑO B,4,11:45,13:05,INGLÉS,1
MEDIA GENERAL,1ER AÑO,1ER AÑO B,4,11:45,13:05,INNOVACIÓN TECNOLOGICA,2
MEDIA GENERAL,1ER AÑO,1ER AÑO B,5,11:45,13:05,MATEMÁTICA,
MEDIA GENERAL,1ER AÑO,1ER AÑO B,2,13:35,14:55,EDUCACIÓN FÍSICA,HEMBRAS
MEDIA GENERAL,1ER AÑO,1ER AÑO B,4,13:35,14:55,INGLÉS,2
MEDIA GENERAL,1ER AÑO,1ER AÑO B,4,13:35,14:55,INNOVACIONES TECNOLOGICAS,1
MEDIA GENERAL,1ER AÑO,1ER AÑO B,5,13:35,14:55,EDUCACIÓN FÍSICA,VARONES
MEDIA GENERAL,2DO AÑO,2DO AÑO A,1,07:00,08:20,LENGUA Y LITERATURA,
MEDIA GENERAL,2DO AÑO,2DO AÑO A,2,07:00,08:20,"BIOLOGIA, AMBIENTE Y TECNOLOGIA",
MEDIA GENERAL,2DO AÑO,2DO AÑO A,3,07:00,08:20,INGLÉS,1
MEDIA GENERAL,2DO AÑO,2DO AÑO A,3,07:00,08:20,ROBOTICA,2
MEDIA GENERAL,2DO AÑO,2DO AÑO A,4,07:00,08:20,LENGUA Y LITERATURA,
MEDIA GENERAL,2DO AÑO,2DO AÑO A,5,07:00,08:20,FORMACIÓN HUMANO CRISTIANA,
MEDIA GENERAL,2DO AÑO,2DO AÑO A,1,08:35,09:55,"GEOGRAFIA, HISTORIA Y SOBERANIA NACIONAL",
MEDIA GENERAL,2DO AÑO,2DO AÑO A,2,08:35,09:55,INNOVACIÓN TECNOLOGICA Y PRODUCTIVA,
MEDIA GENERAL,2DO AÑO,2DO AÑO A,3,08:35,09:55,INGLÉS,2
MEDIA GENERAL,2DO AÑO,2DO AÑO A,3,08:35,09:55,ROBOTICA,1
MEDIA GENERAL,2DO AÑO,2DO AÑO A,4,08:35,09:55,INGLÉS,1
MEDIA GENERAL,2DO AÑO,2DO AÑO A,4,08:35,09:55,ORIENTACIÓN VOCACIONAL,2
MEDIA GENERAL,2DO AÑO,2DO AÑO A,5,08:35,09:55,MATEMÁTICA,
MEDIA GENERAL,2DO AÑO,2DO AÑO A,1,10:10,11:30,INGLÉS,1
MEDIA GENERAL,2DO AÑO,2DO AÑO A,1,10:10,11:30,INNOVACIÓN TECNOLOGICA,2
MEDIA GENERAL,2DO AÑO,2DO AÑO A,2,10:10,11:30,EDUCACIÓN FÍSICA,
MEDIA GENERAL,2DO AÑO,2DO AÑO A,3,10:10,11:30,"GEOGRAFIA, HISTORIA Y SOBERANIA NACIONAL",
MEDIA GENERAL,2DO AÑO,2DO AÑO A,4,10:10,11:30,INGLÉS,2
MEDIA GENERAL,2DO AÑO,2DO AÑO A,4,10:10,11:30,ORIENTACIÓN VOCACIONAL,1
MEDIA GENERAL,2DO AÑO,2DO AÑO A,5,10:10,11:30,FÍSICA,
MEDIA GENERAL,2DO AÑO,2DO AÑO A,1,11:45,13:05,INGLÉS,2
MEDIA GENERAL,2DO AÑO,2DO AÑO A,1,11:45,13:05,INNOVACIONES TECNOLOGICAS,1
MEDIA GENERAL,2DO AÑO,2DO AÑO A,2,11:45,13:05,LENGUA Y LITERATURA,
MEDIA GENERAL,2DO AÑO,2DO AÑO A,3,11:45,13:05,MATEMÁTICA,
MEDIA GENERAL,2DO AÑO,2DO AÑO A,4,11:45,13:05,MATEMÁTICA,
MEDIA GENERAL,2DO AÑO,2DO AÑO A,5,11:45,13:05,"BIOLOGIA, AMBIENTE Y TECNOLOGIA",
MEDIA GENERAL,2DO AÑO,2DO AÑO A,1,13:35,14:55,QUIMICA,
MEDIA GENERAL,2DO AÑO,2DO AÑO A,2,13:35,14:55,EDUCACIÓN FÍSICA,VARONES
MEDIA GENERAL,2DO AÑO,2DO AÑO A,5,13:35,14:55,EDUCACIÓN FÍSICA,HEMBRAS
MEDIA GENERAL,2DO AÑO,2DO AÑO B,1,07:00,08:20,INGLÉS,1
MEDIA GENERAL,2DO AÑO,2DO AÑO B,1,07:00,08:20,ORIENTACIÓN VOCACIONAL,2
MEDIA GENERAL,2DO AÑO,2DO AÑO B,2,07:00,08:20,LENGUA Y LITERATURA,
MEDIA GENERAL,2DO AÑO,2DO AÑO B,3,07:00,08:20,"GEOGRAFIA, HISTORIA Y SOBERANIA NACIONAL",
MEDIA GENERAL,2DO AÑO,2DO AÑO B,4,07:00,08:20,FÍSICA,
MEDIA GENERAL,2DO AÑO,2DO AÑO B,5,07:00,08:20,"GEOGRAFIA, HISTORIA Y SOBERANIA NACIONAL",
MEDIA GENERAL,2DO AÑO,2DO AÑO B,1,08:35,09:55,INGLÉS,2
MEDIA GENERAL,2DO AÑO,2DO AÑO B,1,08:35,09:55,ORIENTACIÓN VOCACIONAL,1
MEDIA GENERAL,2DO AÑO,2DO AÑO B,2,08:35,09:55,"BIOLOGIA, AMBIENTE Y TECNOLOGIA",
MEDIA GENERAL,2DO AÑO,2DO AÑO B,3,08:35,09:55,LENGUA Y LITERATURA,
MEDIA GENERAL,2DO AÑO,2DO AÑO B,4,08:35,09:55,LENGUA Y LITERATURA,
MEDIA GENERAL,2DO AÑO,2DO AÑO B,5,08:35,09:55,FORMACIÓN HUMANO CRISTIANA,
MEDIA GENERAL,2DO AÑO,2DO AÑO B,1,10:10,11:30,EDUCACIÓN FÍSICA,
MEDIA GENERAL,2DO AÑO,2DO AÑO B,2,10:10,11:30,INGLÉS,1
MEDIA GENERAL,2DO AÑO,2DO AÑO B,2,10:10,11:30,INNOVACIÓN TECNOLOGICA,2
MEDIA GENERAL,2DO AÑO,2DO AÑO B,3,10:10,11:30,MATEMÁTICA,
MEDIA GENERAL,2DO AÑO,2DO AÑO B,4,10:10,11:30,MATEMÁTICA,
MEDIA GENERAL,2DO AÑO,2DO AÑO B,5,10:10,11:30,MATEMÁTICA,
MEDIA GENERAL,2DO AÑO,2DO AÑO B,1,11:45,13:05,"BIOLOGIA, AMBIENTE Y TECNOLOGIA",
MEDIA GENERAL,2DO AÑO,2DO AÑO B,2,11:45,13:05,INGLÉS,2
MEDIA GENERAL,2DO AÑO,2DO AÑO B,2,11:45,13:05,INNOVACIONES TECNOLOGICAS,1
MEDIA GENERAL,2DO AÑO,2DO AÑO B,3,11:45,13:05,INNOVACIÓN TECNOLOGICA Y PRODUCTIVA,
MEDIA GENERAL,2DO AÑO,2DO AÑO B,4,11:45,13:05,INGLÉS,1
MEDIA GENERAL,2DO AÑO,2DO AÑO B,4,11:45,13:05,ROBOTICA,2
MEDIA GENERAL,2DO AÑO,2DO AÑO B,5,11:45,13:05,QUIMICA,
MEDIA GENERAL,2DO AÑO,2DO AÑO B,2,13:35,14:55,EDUCACIÓN FÍSICA,VARONES
MEDIA GENERAL,2DO AÑO,2DO AÑO B,4,13:35,14:55,INGLÉS,2
MEDIA GENERAL,2DO AÑO,2DO AÑO B,4,13:35,14:55,ROBOTICA,1
MEDIA GENERAL,2DO AÑO,2DO AÑO B,5,13:35,14:55,EDUCACIÓN FÍSICA,HEMBRAS
MEDIA GENERAL,3ER AÑO,3ER AÑO A,1,07:00,08:20,INGLÉS,1
MEDIA GENERAL,3ER AÑO,3ER AÑO A,1,07:00,08:20,ROBOTICA,2
MEDIA GENERAL,3ER AÑO,3ER AÑO A,2,07:00,08:20,FORMACIÓN HUMANO CRISTIANA,
MEDIA GENERAL,3ER AÑO,3ER AÑO A,3,07:00,08:20,INGLÉS,1
MEDIA GENERAL,3ER AÑO,3ER AÑO A,3,07:00,08:20,ORIENTACIÓN VOCACIONAL,2
MEDIA GENERAL,3ER AÑO,3ER AÑO A,4,07:00,08:20,"BIOLOGIA, AMBIENTE Y TECNOLOGIA",
MEDIA GENERAL,3ER AÑO,3ER AÑO A,5,07:00,08:20,QUIMICA,
MEDIA GENERAL,3ER AÑO,3ER AÑO A,1,08:35,09:55,LENGUA Y LITERATURA,
MEDIA GENERAL,3ER AÑO,3ER AÑO A,2,08:35,09:55,FÍSICA,
MEDIA GENERAL,3ER AÑO,3ER AÑO A,3,08:35,09:55,INGLÉS,2
MEDIA GENERAL,3ER AÑO,3ER AÑO A,3,08:35,09:55,ORIENTACIÓN VOCACIONAL,1
MEDIA GENERAL,3ER AÑO,3ER AÑO A,4,08:35,09:55,MATEMÁTICA,
MEDIA GENERAL,3ER AÑO,3ER AÑO A,5,08:35,09:55,EDUCACIÓN FÍSICA,
MEDIA GENERAL,3ER AÑO,3ER AÑO A,1,10:10,11:30,FÍSICA,
MEDIA GENERAL,3ER AÑO,3ER AÑO A,2,10:10,11:30,MATEMÁTICA,
MEDIA GENERAL,3ER AÑO,3ER AÑO A,3,10:10,11:30,INNOVACIÓN TECNOLOGICA Y PRODUCTIVA,
MEDIA GENERAL,3ER AÑO,3ER AÑO A,4,10:10,11:30,LENGUA Y LITERATURA,
MEDIA GENERAL,3ER AÑO,3ER AÑO A,5,10:10,11:30,INGLÉS,1
MEDIA GENERAL,3ER AÑO,3ER AÑO A,5,10:10,11:30,INNOVACIÓN TECNOLOGICA,2
MEDIA GENERAL,3ER AÑO,3ER AÑO A,1,11:45,13:05,INGLÉS,2
MEDIA GENERAL,3ER AÑO,3ER AÑO A,1,11:45,13:05,ROBOTICA,1
MEDIA GENERAL,3ER AÑO,3ER AÑO A,2,11:45,13:05,"BIOLOGIA, AMBIENTE Y TECNOLOGIA",
MEDIA GENERAL,3ER AÑO,3ER AÑO A,3,11:45,13:05,"GEOGRAFIA, HISTORIA Y SOBERANIA NACIONAL",
MEDIA GENERAL,3ER AÑO,3ER AÑO A,4,11:45,13:05,QUIMICA,
MEDIA GENERAL,3ER AÑO,3ER AÑO A,5,11:45,13:05,INGLÉS,2
MEDIA GENERAL,3ER AÑO,3ER AÑO A,5,11:45,13:05,INNOVACIONES TECNOLOGICAS,1
MEDIA GENERAL,3ER AÑO,3ER AÑO A,2,13:35,14:55,EDUCACIÓN FÍSICA,VARONES
MEDIA GENERAL,3ER AÑO,3ER AÑO A,4,13:35,14:55,"GEOGRAFIA, HISTORIA Y SOBERANIA NACIONAL",
MEDIA GENERAL,3ER AÑO,3ER AÑO A,5,13:35,14:55,EDUCACIÓN FÍSICA,HEMBRAS
MEDIA GENERAL,3ER AÑO,3ER AÑO B,1,07:00,08:20,"BIOLOGIA, AMBIENTE Y TECNOLOGIA",
MEDIA GENERAL,3ER AÑO,3ER AÑO B,2,07:00,08:20,INGLÉS,1
MEDIA GENERAL,3ER AÑO,3ER AÑO B,2,07:00,08:20,ROBOTICA,2
MEDIA GENERAL,3ER AÑO,3ER AÑO B,3,07:00,08:20,"GEOGRAFIA, HISTORIA Y SOBERANIA NACIONAL",
MEDIA GENERAL,3ER AÑO,3ER AÑO B,4,07:00,08:20,MATEMÁTICA,
MEDIA GENERAL,3ER AÑO,3ER AÑO B,5,07:00,08:20,INNOVACIÓN TECNOLOGICA Y PRODUCTIVA,
MEDIA GENERAL,3ER AÑO,3ER AÑO B,1,08:35,09:55,MATEMÁTICA,
MEDIA GENERAL,3ER AÑO,3ER AÑO B,2,08:35,09:55,INGLÉS,2
MEDIA GENERAL,3ER AÑO,3ER AÑO B,2,08:35,09:55,ROBOTICA,1
MEDIA GENERAL,3ER AÑO,3ER AÑO B,3,08:35,09:55,EDUCACIÓN FÍSICA,
MEDIA GENERAL,3ER AÑO,3ER AÑO B,4,08:35,09:55,"BIOLOGIA, AMBIENTE Y TECNOLOGIA",
MEDIA GENERAL,3ER AÑO,3ER AÑO B,5,08:35,09:55,"GEOGRAFIA, HISTORIA Y SOBERANIA NACIONAL",
MEDIA GENERAL,3ER AÑO,3ER AÑO B,1,10:10,11:30,LENGUA Y LITERATURA,
MEDIA GENERAL,3ER AÑO,3ER AÑO B,2,10:10,11:30,LENGUA Y LITERATURA,
MEDIA GENERAL,3ER AÑO,3ER AÑO B,3,10:10,11:30,INGLÉS,1
MEDIA GENERAL,3ER AÑO,3ER AÑO B,3,10:10,11:30,ORIENTACIÓN VOCACIONAL,2
MEDIA GENERAL,3ER AÑO,3ER AÑO B,4,10:10,11:30,INGLÉS,2
MEDIA GENERAL,3ER AÑO,3ER AÑO B,4,10:10,11:30,INNOVACIONES TECNOLOGICAS,1
MEDIA GENERAL,3ER AÑO,3ER AÑO B,5,10:10,11:30,QUIMICA,
MEDIA GENERAL,3ER AÑO,3ER AÑO B,1,11:45,13:05,FÍSICA,
MEDIA GENERAL,3ER AÑO,3ER AÑO B,2,11:45,13:05,QUIMICA,
MEDIA GENERAL,3ER AÑO,3ER AÑO B,3,11:45,13:05,INGLÉS,2
MEDIA GENERAL,3ER AÑO,3ER AÑO B,3,11:45,13:05,ORIENTACIÓN VOCACIONAL,1
MEDIA GENERAL,3ER AÑO,3ER AÑO B,4,11:45,13:05,FORMACIÓN HUMANO CRISTIANA,
MEDIA GENERAL,3ER AÑO,3ER AÑO B,5,11:45,13:05,FÍSICA,
MEDIA GENERAL,3ER AÑO,3ER AÑO B,1,13:35,14:55,INGLÉS,1
MEDIA GENERAL,3ER AÑO,3ER AÑO B,1,13:35,14:55,INNOVACIÓN TECNOLOGICA,2
MEDIA GENERAL,3ER AÑO,3ER AÑO B,2,13:35,14:55,EDUCACIÓN FÍSICA,VARONES
MEDIA GENERAL,3ER AÑO,3ER AÑO B,5,13:35,14:55,EDUCACIÓN FÍSICA,HEMBRAS
MEDIA GENERAL,4TO AÑO,4TO AÑO A,1,07:00,08:20,EDUCACIÓN FÍSICA,
MEDIA GENERAL,4TO AÑO,4TO AÑO A,2,07:00,08:20,MATEMÁTICA,
MEDIA GENERAL,4TO AÑO,4TO AÑO A,3,07:00,08:20,CASTELLANO,
MEDIA GENERAL,4TO AÑO,4TO AÑO A,4,07:00,08:20,INGLÉS,1
MEDIA GENERAL,4TO AÑO,4TO AÑO A,4,07:00,08:20,ROBOTICA,2
MEDIA GENERAL,4TO AÑO,4TO AÑO A,5,07:00,08:20,INGLÉS,1
MEDIA GENERAL,4TO AÑO,4TO AÑO A,5,07:00,08:20,SEMINARIO DE INVESTIGACIÓN,2
MEDIA GENERAL,4TO AÑO,4TO AÑO A,1,08:35,09:55,INGLÉS,1
MEDIA GENERAL,4TO AÑO,4TO AÑO A,1,08:35,09:55,INFORMATICA,2
MEDIA GENERAL,4TO AÑO,4TO AÑO A,2,08:35,09:55,CASTELLANO,
MEDIA GENERAL,4TO AÑO,4TO AÑO A,3,08:35,09:55,QUIMICA,
MEDIA GENERAL,4TO AÑO,4TO AÑO A,4,08:35,09:55,INGLÉS,2
MEDIA GENERAL,4TO AÑO,4TO AÑO A,4,08:35,09:55,ROBOTICA,1
MEDIA GENERAL,4TO AÑO,4TO AÑO A,5,08:35,09:55,INGLÉS,2
MEDIA GENERAL,4TO AÑO,4TO AÑO A,5,08:35,09:55,SEMINARIO DE INVESTIGACIÓN,1
MEDIA GENERAL,4TO AÑO,4TO AÑO A,1,10:10,11:30,INGLÉS,2
MEDIA GENERAL,4TO AÑO,4TO AÑO A,1,10:10,11:30,INFORMATICA,1
MEDIA GENERAL,4TO AÑO,4TO AÑO A,2,10:10,11:30,FORMACIÓN HUMANO CRISTIANA,
MEDIA GENERAL,4TO AÑO,4TO AÑO A,3,10:10,11:30,"GEOGRAFIA, HISTORIA Y CIUDADANIA",
MEDIA GENERAL,4TO AÑO,4TO AÑO A,4,10:10,11:30,MATEMÁTICA,
MEDIA GENERAL,4TO AÑO,4TO AÑO A,5,10:10,11:30,"GEOGRAFIA, HISTORIA Y CIUDADANIA",
MEDIA GENERAL,4TO AÑO,4TO AÑO A,1,11:45,13:05,QUIMICA,
MEDIA GENERAL,4TO AÑO,4TO AÑO A,2,11:45,13:05,FÍSICA,
MEDIA GENERAL,4TO AÑO,4TO AÑO A,3,11:45,13:05,FÍSICA,
MEDIA GENERAL,4TO AÑO,4TO AÑO A,4,11:45,13:05,FORMACIÓN PARA LA SOBERANIA NACIONAL,
MEDIA GENERAL,4TO AÑO,4TO AÑO A,5,11:45,13:05,ORIENTACIÓN VOCACIONAL,
MEDIA GENERAL,4TO AÑO,4TO AÑO A,1,13:35,14:55,EDUCACIÓN FÍSICA,HEMBRAS
MEDIA GENERAL,4TO AÑO,4TO AÑO A,2,13:35,14:55,BIOLOGIA,
MEDIA GENERAL,4TO AÑO,4TO AÑO A,4,13:35,14:55,EDUCACIÓN FÍSICA,VARONES
MEDIA GENERAL,4TO AÑO,4TO AÑO A,5,13:35,14:55,BIOLOGIA,
MEDIA GENERAL,4TO AÑO,4TO AÑO B,1,07:00,08:20,MATEMÁTICA,
MEDIA GENERAL,4TO AÑO,4TO AÑO B,2,07:00,08:20,INGLÉS,1
MEDIA GENERAL,4TO AÑO,4TO AÑO B,2,07:00,08:20,ROBOTICA,2
MEDIA GENERAL,4TO AÑO,4TO AÑO B,3,07:00,08:20,INGLÉS,1
MEDIA GENERAL,4TO AÑO,4TO AÑO B,3,07:00,08:20,INFORMATICA,2
MEDIA GENERAL,4TO AÑO,4TO AÑO B,4,07:00,08:20,CASTELLANO,
MEDIA GENERAL,4TO AÑO,4TO AÑO B,5,07:00,08:20,EDUCACIÓN FÍSICA,
MEDIA GENERAL,4TO AÑO,4TO AÑO B,1,08:35,09:55,FORMACIÓN HUMANO CRISTIANA,
MEDIA GENERAL,4TO AÑO,4TO AÑO B,2,08:35,09:55,MATEMÁTICA,
MEDIA GENERAL,4TO AÑO,4TO AÑO B,3,08:35,09:55,INGLÉS,2
MEDIA GENERAL,4TO AÑO,4TO AÑO B,3,08:35,09:55,INFORMATICA,1
MEDIA GENERAL,4TO AÑO,4TO AÑO B,4,08:35,09:55,BIOLOGIA,
MEDIA GENERAL,4TO AÑO,4TO AÑO B,5,08:35,09:55,QUIMICA,
MEDIA GENERAL,4TO AÑO,4TO AÑO B,1,10:10,11:30,INGLÉS,1
MEDIA GENERAL,4TO AÑO,4TO AÑO B,1,10:10,11:30,SEMINARIO DE INVESTIGACIÓN,2
MEDIA GENERAL,4TO AÑO,4TO AÑO B,2,10:10,11:30,FÍSICA,
MEDIA GENERAL,4TO AÑO,4TO AÑO B,3,10:10,11:30,QUIMICA,
MEDIA GENERAL,4TO AÑO,4TO AÑO B,4,10:10,11:30,FÍSICA,
MEDIA GENERAL,4TO AÑO,4TO AÑO B,5,10:10,11:30,INGLÉS,2
MEDIA GENERAL,4TO AÑO,4TO AÑO B,5,10:10,11:30,SEMINARIO DE INVESTIGACIÓN,1
MEDIA GENERAL,4TO AÑO,4TO AÑO B,1,11:45,13:05,ORIENTACIÓN VOCACIONAL,
MEDIA GENERAL,4TO AÑO,4TO AÑO B,2,11:45,13:05,CASTELLANO,
MEDIA GENERAL,4TO AÑO,4TO AÑO B,3,11:45,13:05,BIOLOGIA,
MEDIA GENERAL,4TO AÑO,4TO AÑO B,4,11:45,13:05,"GEOGRAFIA, HISTORIA Y CIUDADANIA",
MEDIA GENERAL,4TO AÑO,4TO AÑO B,5,11:45,13:05,"GEOGRAFIA, HISTORIA Y CIUDADANIA",
MEDIA GENERAL,4TO AÑO,4TO AÑO B,1,13:35,14:55,EDUCACIÓN FÍSICA,HEMBRAS
MEDIA GENERAL,4TO AÑO,4TO AÑO B,2,13:35,14:55,INGLÉS,2
MEDIA GENERAL,4TO AÑO,4TO AÑO B,2,13:35,14:55,ROBOTICA,1
MEDIA GENERAL,4TO AÑO,4TO AÑO B,4,13:35,14:55,EDUCACIÓN FÍSICA,VARONES
MEDIA GENERAL,4TO AÑO,4TO AÑO B,5,13:35,14:55,FORMACIÓN PARA LA SOBERANIA NACIONAL,
MEDIA GENERAL,5TO AÑO,5TO AÑO A,1,07:00,08:20,BIOLOGIA,
MEDIA GENERAL,5TO AÑO,5TO AÑO A,2,07:00,08:20,CASTELLANO,
MEDIA GENERAL,5TO AÑO,5TO AÑO A,3,07:00,08:20,EDUCACIÓN FÍSICA,
MEDIA GENERAL,5TO AÑO,5TO AÑO A,4,07:00,08:20,QUIMICA,
MEDIA GENERAL,5TO AÑO,5TO AÑO A,5,07:00,08:20,FÍSICA,
MEDIA GENERAL,5TO AÑO,5TO AÑO A,1,08:35,09:55,FÍSICA,
MEDIA GENERAL,5TO AÑO,5TO AÑO A,2,08:35,09:55,INGLÉS,1
MEDIA GENERAL,5TO AÑO,5TO AÑO A,2,08:35,09:55,ROBOTICA,2
MEDIA GENERAL,5TO AÑO,5TO AÑO A,3,08:35,09:55,"GEOGRAFIA, HISTORIA Y CIUDADANIA",
MEDIA GENERAL,5TO AÑO,5TO AÑO A,4,08:35,09:55,MATEMÁTICA,
MEDIA GENERAL,5TO AÑO,5TO AÑO A,5,08:35,09:55,INGLÉS,1
MEDIA GENERAL,5TO AÑO,5TO AÑO A,5,08:35,09:55,SEMINARIO DE INVESTIGACIÓN,2
MEDIA GENERAL,5TO AÑO,5TO AÑO A,1,10:10,11:30,FORMACIÓN HUMANO CRISTIANA,
MEDIA GENERAL,5TO AÑO,5TO AÑO A,2,10:10,11:30,QUIMICA,
MEDIA GENERAL,5TO AÑO,5TO AÑO A,3,10:10,11:30,INGLÉS,1
MEDIA GENERAL,5TO AÑO,5TO AÑO A,3,10:10,11:30,INFORMATICA,2
MEDIA GENERAL,5TO AÑO,5TO AÑO A,4,10:10,11:30,"GEOGRAFIA, HISTORIA Y CIUDADANIA",
MEDIA GENERAL,5TO AÑO,5TO AÑO A,5,10:10,11:30,INGLÉS,2
MEDIA GENERAL,5TO AÑO,5TO AÑO A,5,10:10,11:30,SEMINARIO DE INVESTIGACIÓN,1
MEDIA GENERAL,5TO AÑO,5TO AÑO A,1,11:45,13:05,ORIENTACIÓN VOCACIONAL,
MEDIA GENERAL,5TO AÑO,5TO AÑO A,2,11:45,13:05,BIOLOGIA,
MEDIA GENERAL,5TO AÑO,5TO AÑO A,3,11:45,13:05,INGLÉS,2
MEDIA GENERAL,5TO AÑO,5TO AÑO A,3,11:45,13:05,INFORMATICA,1
MEDIA GENERAL,5TO AÑO,5TO AÑO A,4,11:45,13:05,CASTELLANO,
MEDIA GENERAL,5TO AÑO,5TO AÑO A,5,11:45,13:05,CIENCIAS DE LA TIERRA FORMACIÓN DE LA SOBERANIA NACIONAL,
MEDIA GENERAL,5TO AÑO,5TO AÑO A,1,13:35,14:55,EDUCACIÓN FÍSICA,HEMBRAS
MEDIA GENERAL,5TO AÑO,5TO AÑO A,2,13:35,14:55,INGLÉS,2
MEDIA GENERAL,5TO AÑO,5TO AÑO A,2,13:35,14:55,ROBOTICA,1
MEDIA GENERAL,5TO AÑO,5TO AÑO A,4,13:35,14:55,EDUCACIÓN FÍSICA,VARONES
MEDIA GENERAL,5TO AÑO,5TO AÑO A,5,13:35,14:55,MATEMÁTICA,
MEDIA GENERAL,5TO AÑO,5TO AÑO B,1,07:00,08:20,INGLÉS,1
MEDIA GENERAL,5TO AÑO,5TO AÑO B,1,07:00,08:20,SEMINARIO DE INVESTIGACIÓN,2
MEDIA GENERAL,5TO AÑO,5TO AÑO B,2,07:00,08:20,QUIMICA,
MEDIA GENERAL,5TO AÑO,5TO AÑO B,3,07:00,08:20,MATEMÁTICA,
MEDIA GENERAL,5TO AÑO,5TO AÑO B,4,07:00,08:20,ORIENTACIÓN VOCACIONAL,
MEDIA GENERAL,5TO AÑO,5TO AÑO B,5,07:00,08:20,"GEOGRAFIA, HISTORIA Y CIUDADANIA",
MEDIA GENERAL,5TO AÑO,5TO AÑO B,1,08:35,09:55,EDUCACIÓN FÍSICA,
MEDIA GENERAL,5TO AÑO,5TO AÑO B,2,08:35,09:55,FORMACIÓN HUMANO CRISTIANA,
MEDIA GENERAL,5TO AÑO,5TO AÑO B,3,08:35,09:55,CASTELLANO,
MEDIA GENERAL,5TO AÑO,5TO AÑO B,4,08:35,09:55,"GEOGRAFIA, HISTORIA Y CIUDADANIA",
MEDIA GENERAL,5TO AÑO,5TO AÑO B,5,08:35,09:55,FÍSICA,
MEDIA GENERAL,5TO AÑO,5TO AÑO B,1,10:10,11:30,QUIMICA,
MEDIA GENERAL,5TO AÑO,5TO AÑO B,2,10:10,11:30,INGLÉS,1
MEDIA GENERAL,5TO AÑO,5TO AÑO B,2,10:10,11:30,ROBÓTICA,2
MEDIA GENERAL,5TO AÑO,5TO AÑO B,3,10:10,11:30,BIOLOGIA,
MEDIA GENERAL,5TO AÑO,5TO AÑO B,4,10:10,11:30,CASTELLANO,
MEDIA GENERAL,5TO AÑO,5TO AÑO B,5,10:10,11:30,BIOLOGIA,
MEDIA GENERAL,5TO AÑO,5TO AÑO B,1,11:45,13:05,INGLÉS,2
MEDIA GENERAL,5TO AÑO,5TO AÑO B,1,11:45,13:05,SEMINARIO DE INVESTIGACIÓN,1
MEDIA GENERAL,5TO AÑO,5TO AÑO B,2,11:45,13:05,INGLÉS,2
MEDIA GENERAL,5TO AÑO,5TO AÑO B,2,11:45,13:05,ROBÓTICA,1
MEDIA GENERAL,5TO AÑO,5TO AÑO B,3,11:45,13:05,CIENCIAS DE LA TIERRA FORMACIÓN DE LA SOBERANIA NACIONAL,
MEDIA GENERAL,5TO AÑO,5TO AÑO B,4,11:45,13:05,FÍSICA,
MEDIA GENERAL,5TO AÑO,5TO AÑO B,5,11:45,13:05,INGLÉS,1
MEDIA GENERAL,5TO AÑO,5TO AÑO B,5,11:45,13:05,INFORMATICA,2
MEDIA GENERAL,5TO AÑO,5TO AÑO B,1,13:35,14:55,EDUCACIÓN FÍSICA,HEMBRAS
MEDIA GENERAL,5TO AÑO,5TO AÑO B,2,13:35,14:55,MATEMÁTICA,
MEDIA GENERAL,5TO AÑO,5TO AÑO B,4,13:35,14:55,EDUCACIÓN FÍSICA,VARONES
MEDIA GENERAL,5TO AÑO,5TO AÑO B,5,13:35,14:55,INGLÉS,2
MEDIA GENERAL,5TO AÑO,5TO AÑO B,5,13:35,14:55,INFORMATICA,1
PRIMARIA,1RO A,1RO A,1,07:20,08:40,EDUCACIÓN ESTÉTICA,
PRIMARIA,1RO A,1RO A,2,07:20,08:40,EDUCACIÓN FÍSICA,
PRIMARIA,1RO A,1RO A,3,07:20,08:40,FORMACIÓN HUMANO CRISTIANA,
PRIMARIA,1RO A,1RO A,4,07:20,08:40,CIENCIAS SOCIALES,
PRIMARIA,1RO A,1RO A,5,07:20,08:40,LENGUA,
PRIMARIA,1RO A,1RO A,1,09:10,10:30,INGLÉS,1
PRIMARIA,1RO A,1RO A,1,09:10,10:30,ROBÓTICA,2
PRIMARIA,1RO A,1RO A,2,09:10,10:30,LENGUA,
PRIMARIA,1RO A,1RO A,3,09:10,10:30,CIENCIAS SOCIALES,
PRIMARIA,1RO A,1RO A,4,09:10,10:30,CIENCIAS NATURALES,
PRIMARIA,1RO A,1RO A,5,09:10,10:30,MATEMÁTICA,
PRIMARIA,1RO A,1RO A,1,10:45,11:55,INGLÉS,2
PRIMARIA,1RO A,1RO A,1,10:45,11:55,ROBÓTICA,1
PRIMARIA,1RO A,1RO A,2,10:45,11:55,MATEMÁTICA,
PRIMARIA,1RO A,1RO A,3,10:45,11:55,INGLÉS,
PRIMARIA,1RO A,1RO A,4,10:45,11:55,MÚSICA,
PRIMARIA,1RO A,1RO A,5,10:45,11:55,CIENCIAS NATURALES,
PRIMARIA,1RO A,1RO A,1,11:55,12:30,LENGUA,
PRIMARIA,1RO A,1RO A,2,11:55,12:30,INGLÉS,
PRIMARIA,1RO A,1RO A,3,11:55,12:30,MATEMÁTICA,
PRIMARIA,1RO A,1RO A,4,11:55,12:30,INGLÉS,
PRIMARIA,1RO A,1RO A,5,11:55,12:30,SOCIO EMOCIONAL,
PRIMARIA,1RO B,1RO B,1,07:20,08:40,INGLÉS,1
PRIMARIA,1RO B,1RO B,1,07:20,08:40,ROBÓTICA,2
PRIMARIA,1RO B,1RO B,2,07:20,08:40,INGLÉS,2
PRIMARIA,1RO B,1RO B,2,07:20,08:40,ROBÓTICA,1
PRIMARIA,1RO B,1RO B,3,07:20,08:40,MÚSICA,
PRIMARIA,1RO B,1RO B,4,07:20,08:40,INGLÉS,
PRIMARIA,1RO B,1RO B,5,07:20,08:40,EDUCACIÓN FÍSICA,
PRIMARIA,1RO B,1RO B,1,09:10,10:30,CIENCIAS SOCIALES,
PRIMARIA,1RO B,1RO B,2,09:10,10:30,CIENCIAS SOCIALES,
PRIMARIA,1RO B,1RO B,3,09:10,10:30,FORMACIÓN HUMANO CRISTIANA,
PRIMARIA,1RO B,1RO B,4,09:10,10:30,MATEMÁTICA,
PRIMARIA,1RO B,1RO B,5,09:10,10:30,EDUCACIÓN ESTÉTICA,
PRIMARIA,1RO B,1RO B,1,10:45,11:55,LENGUA,
PRIMARIA,1RO B,1RO B,2,10:45,11:55,MATEMÁTICA,
PRIMARIA,1RO B,1RO B,3,10:45,11:55,CIENCIAS NATURALES,
PRIMARIA,1RO B,1RO B,4,10:45,11:55,LENGUA,
PRIMARIA,1RO B,1RO B,5,10:45,11:55,CIENCIAS NATURALES,
PRIMARIA,1RO B,1RO B,1,11:55,12:30,MATEMÁTICA,
PRIMARIA,1RO B,1RO B,2,11:55,12:30,LENGUA,
PRIMARIA,1RO B,1RO B,3,11:55,12:30,INGLÉS,
PRIMARIA,1RO B,1RO B,4,11:55,12:30,SOCIO EMOCIONAL,
PRIMARIA,1RO B,1RO B,5,11:55,12:30,INGLÉS,
PRIMARIA,2DO A,2DO A,1,07:20,08:40,LENGUA,
PRIMARIA,2DO A,2DO A,2,07:20,08:40,CIENCIAS SOCIALES,
PRIMARIA,2DO A,2DO A,3,07:20,08:40,CIENCIAS NATURALES,
PRIMARIA,2DO A,2DO A,4,07:20,08:40,INGLÉS,1
PRIMARIA,2DO A,2DO A,4,07:20,08:40,ROBÓTICA,2
PRIMARIA,2DO A,2DO A,5,07:20,08:40,EDUCACIÓN ESTÉTICA,
PRIMARIA,2DO A,2DO A,1,09:10,10:30,EDUCACIÓN FÍSICA,
PRIMARIA,2DO A,2DO A,2,09:10,10:30,INGLÉS,
PRIMARIA,2DO A,2DO A,3,09:10,10:30,MÚSICA,
PRIMARIA,2DO A,2DO A,4,09:10,10:30,INGLÉS,2
PRIMARIA,2DO A,2DO A,4,09:10,10:30,ROBÓTICA,1
PRIMARIA,2DO A,2DO A,5,09:10,10:30,MATEMÁTICA,
PRIMARIA,2DO A,2DO A,1,10:45,11:55,CIENCIAS NATURALES,
PRIMARIA,2DO A,2DO A,2,10:45,11:55,MATEMÁTICA,
PRIMARIA,2DO A,2DO A,3,10:45,11:55,FORMACIÓN HUMANO CRISTIANA,
PRIMARIA,2DO A,2DO A,4,10:45,11:55,LENGUA,
PRIMARIA,2DO A,2DO A,5,10:45,11:55,CIENCIAS SOCIALES,
PRIMARIA,2DO A,2DO A,1,11:55,12:30,INGLÉS,
PRIMARIA,2DO A,2DO A,2,11:55,12:30,LENGUA,
PRIMARIA,2DO A,2DO A,3,11:55,12:30,INGLÉS,
PRIMARIA,2DO A,2DO A,4,11:55,12:30,MATEMÁTICA,
PRIMARIA,2DO A,2DO A,5,11:55,12:30,SOCIO EMOCIONAL,
PRIMARIA,2DO B,2DO B,1,07:20,08:40,INGLÉS,
PRIMARIA,2DO B,2DO B,2,07:20,08:40,MATEMÁTICA,
PRIMARIA,2DO B,2DO B,3,07:20,08:40,CIENCIAS NATURALES,
PRIMARIA,2DO B,2DO B,4,07:20,08:40,FORMACIÓN HUMANO CRISTIANA,
PRIMARIA,2DO B,2DO B,5,07:20,08:40,INGLÉS,1
PRIMARIA,2DO B,2DO B,5,07:20,08:40,ROBÓTICA,2
PRIMARIA,2DO B,2DO B,1,09:10,10:30,CIENCIAS NATURALES,
PRIMARIA,2DO B,2DO B,2,09:10,10:30,EDUCACIÓN FÍSICA,
PRIMARIA,2DO B,2DO B,3,09:10,10:30,CIENCIAS SOCIALES,
PRIMARIA,2DO B,2DO B,4,09:10,10:30,MÚSICA,
PRIMARIA,2DO B,2DO B,5,09:10,10:30,INGLÉS,2
PRIMARIA,2DO B,2DO B,5,09:10,10:30,ROBÓTICA,1
PRIMARIA,2DO B,2DO B,1,10:45,11:55,CIENCIAS SOCIALES,
PRIMARIA,2DO B,2DO B,2,10:45,11:55,LENGUA,
PRIMARIA,2DO B,2DO B,3,10:45,11:55,EDUCACIÓN ESTÉTICA,
PRIMARIA,2DO B,2DO B,4,10:45,11:55,LENGUA,
PRIMARIA,2DO B,2DO B,5,10:45,11:55,MATEMÁTICA,
PRIMARIA,2DO B,2DO B,1,11:55,12:30,LENGUA,
PRIMARIA,2DO B,2DO B,2,11:55,12:30,INGLÉS,
PRIMARIA,2DO B,2DO B,3,11:55,12:30,MATEMÁTICA,
PRIMARIA,2DO B,2DO B,4,11:55,12:30,INGLÉS,
PRIMARIA,2DO B,2DO B,5,11:55,12:30,SOCIO EMOCIONAL,
PRIMARIA,3RO A,3RO A,1,07:20,08:40,INGLÉS,1
PRIMARIA,3RO A,3RO A,1,07:20,08:40,ROBÓTICA,2
PRIMARIA,3RO A,3RO A,2,07:20,08:40,LENGUA,
PRIMARIA,3RO A,3RO A,3,07:20,08:40,CIENCIAS NATURALES,
PRIMARIA,3RO A,3RO A,4,07:20,08:40,CIENCIAS SOCIALES,
PRIMARIA,3RO A,3RO A,5,07:20,08:40,EDUCACIÓN ESTÉTICA,
PRIMARIA,3RO A,3RO A,1,09:10,10:30,INGLÉS,2
PRIMARIA,3RO A,3RO A,1,09:10,10:30,ROBÓTICA,1
PRIMARIA,3RO A,3RO A,2,09:10,10:30,MATEMÁTICA,
PRIMARIA,3RO A,3RO A,3,09:10,10:30,EDUCACIÓN FÍSICA,
PRIMARIA,3RO A,3RO A,4,09:10,10:30,FORMACIÓN HUMANO CRISTIANA,
PRIMARIA,3RO A,3RO A,5,09:10,10:30,LENGUA,
PRIMARIA,3RO A,3RO A,1,10:45,11:55,CIENCIAS SOCIALES,
PRIMARIA,3RO A,3RO A,2,10:45,11:55,MÚSICA,
PRIMARIA,3RO A,3RO A,3,10:45,11:55,INGLÉS,
PRIMARIA,3RO A,3RO A,4,10:45,11:55,MATEMÁTICA,
PRIMARIA,3RO A,3RO A,5,10:45,11:55,CIENCIAS NATURALES,
PRIMARIA,3RO A,3RO A,1,11:55,12:30,LENGUA,
PRIMARIA,3RO A,3RO A,2,11:55,12:30,INGLÉS,
PRIMARIA,3RO A,3RO A,3,11:55,12:30,MATEMÁTICA,
PRIMARIA,3RO A,3RO A,4,11:55,12:30,INGLÉS,
PRIMARIA,3RO A,3RO A,5,11:55,12:30,SOCIO EMOCIONAL,
PRIMARIA,3RO B,3RO B,1,07:20,08:40,LENGUA,
PRIMARIA,3RO B,3RO B,2,07:20,08:40,INGLÉS,1
PRIMARIA,3RO B,3RO B,2,07:20,08:40,ROBÓTICA,2
PRIMARIA,3RO B,3RO B,3,07:20,08:40,EDUCACIÓN ESTÉTICA,
PRIMARIA,3RO B,3RO B,4,07:20,08:40,CIENCIAS SOCIALES,
PRIMARIA,3RO B,3RO B,5,07:20,08:40,MATEMÁTICA,
PRIMARIA,3RO B,3RO B,1,09:10,10:30,MÚSICA,
PRIMARIA,3RO B,3RO B,2,09:10,10:30,INGLÉS,2
PRIMARIA,3RO B,3RO B,2,09:10,10:30,ROBÓTICA,1
PRIMARIA,3RO B,3RO B,3,09:10,10:30,INGLÉS,
PRIMARIA,3RO B,3RO B,4,09:10,10:30,LENGUA,
PRIMARIA,3RO B,3RO B,5,09:10,10:30,EDUCACIÓN FÍSICA,
PRIMARIA,3RO B,3RO B,1,10:45,11:55,CIENCIAS SOCIALES,
PRIMARIA,3RO B,3RO B,2,10:45,11:55,MATEMÁTICA,
PRIMARIA,3RO B,3RO B,3,10:45,11:55,CIENCIAS NATURALES,
PRIMARIA,3RO B,3RO B,4,10:45,11:55,FORMACIÓN HUMANO CRISTIANA,
PRIMARIA,3RO B,3RO B,5,10:45,11:55,CIENCIAS NATURALES,
PRIMARIA,3RO B,3RO B,1,11:55,12:30,INGLÉS,
PRIMARIA,3RO B,3RO B,2,11:55,12:30,LENGUA,
PRIMARIA,3RO B,3RO B,3,11:55,12:30,MATEMÁTICA,
PRIMARIA,3RO B,3RO B,4,11:55,12:30,SOCIO EMOCIONAL,
PRIMARIA,3RO B,3RO B,5,11:55,12:30,INGLÉS,
PRIMARIA,4TO A,4TO A,1,07:20,08:40,FORMACIÓN HUMANO CRISTIANA,
PRIMARIA,4TO A,4TO A,2,07:20,08:40,CIENCIAS SOCIALES,
PRIMARIA,4TO A,4TO A,3,07:20,08:40,MATEMÁTICA,
PRIMARIA,4TO A,4TO A,4,07:20,08:40,CIENCIAS NATURALES,
PRIMARIA,4TO A,4TO A,5,07:20,08:40,LENGUA,
PRIMARIA,4TO A,4TO A,1,09:10,10:30,CIENCIAS NATURALES,
PRIMARIA,4TO A,4TO A,2,09:10,10:30,MATEMÁTICA,
PRIMARIA,4TO A,4TO A,3,09:10,10:30,LENGUA,
PRIMARIA,4TO A,4TO A,4,09:10,10:30,EDUCACIÓN FÍSICA,
PRIMARIA,4TO A,4TO A,5,09:10,10:30,INGLÉS,
PRIMARIA,4TO A,4TO A,1,10:45,11:55,INGLÉS,1
PRIMARIA,4TO A,4TO A,1,10:45,11:55,ROBÓTICA,2
PRIMARIA,4TO A,4TO A,2,10:45,11:55,INGLÉS,2
PRIMARIA,4TO A,4TO A,2,10:45,11:55,ROBÓTICA,1
PRIMARIA,4TO A,4TO A,3,10:45,11:55,MÚSICA,
PRIMARIA,4TO A,4TO A,4,10:45,11:55,INGLÉS,
PRIMARIA,4TO A,4TO A,5,10:45,11:55,CIENCIAS SOCIALES,
PRIMARIA,4TO A,4TO A,1,11:55,12:30,SOCIO EMOCIONAL,
PRIMARIA,4TO A,4TO A,2,11:55,12:30,LENGUA,
PRIMARIA,4TO A,4TO A,3,11:55,12:30,EDUCACIÓN ESTÉTICA,
PRIMARIA,4TO A,4TO A,4,11:55,12:30,MATEMÁTICA,
PRIMARIA,4TO A,4TO A,5,11:55,12:30,EDUCACIÓN ESTÉTICA,
PRIMARIA,4TO B,4TO B,1,07:20,08:40,MATEMÁTICA,
PRIMARIA,4TO B,4TO B,2,07:20,08:40,MÚSICA,
PRIMARIA,4TO B,4TO B,3,07:20,08:40,INGLÉS,
PRIMARIA,4TO B,4TO B,4,07:20,08:40,INGLÉS,1
PRIMARIA,4TO B,4TO B,4,07:20,08:40,ROBÓTICA,2
PRIMARIA,4TO B,4TO B,5,07:20,08:40,LENGUA,
PRIMARIA,4TO B,4TO B,1,09:10,10:30,FORMACIÓN HUMANO CRISTIANA,
PRIMARIA,4TO B,4TO B,2,09:10,10:30,LENGUA,
PRIMARIA,4TO B,4TO B,3,09:10,10:30,CIENCIAS SOCIALES,
PRIMARIA,4TO B,4TO B,4,09:10,10:30,INGLÉS,2
PRIMARIA,4TO B,4TO B,4,09:10,10:30,ROBÓTICA,1
PRIMARIA,4TO B,4TO B,5,09:10,10:30,MATEMÁTICA,
PRIMARIA,4TO B,4TO B,1,10:45,11:55,CIENCIAS SOCIALES,
PRIMARIA,4TO B,4TO B,2,10:45,11:55,CIENCIAS NATURALES,
PRIMARIA,4TO B,4TO B,3,10:45,11:55,CIENCIAS NATURALES,
PRIMARIA,4TO B,4TO B,4,10:45,11:55,EDUCACIÓN FÍSICA,
PRIMARIA,4TO B,4TO B,5,10:45,11:55,INGLÉS,
PRIMARIA,4TO B,4TO B,1,11:55,12:30,LENGUA,
PRIMARIA,4TO B,4TO B,2,11:55,12:30,EDUCACIÓN ESTÉTICA,
PRIMARIA,4TO B,4TO B,3,11:55,12:30,MATEMÁTICA,
PRIMARIA,4TO B,4TO B,4,11:55,12:30,EDUCACIÓN ESTÉTICA,
PRIMARIA,4TO B,4TO B,5,11:55,12:30,SOCIO EMOCIONAL,
PRIMARIA,5TO A,5TO A,1,07:20,08:40,LENGUA,
PRIMARIA,5TO A,5TO A,2,07:20,08:40,CIENCIAS SOCIALES,
PRIMARIA,5TO A,5TO A,3,07:20,08:40,INGLÉS,1
PRIMARIA,5TO A,5TO A,3,07:20,08:40,ROBÓTICA,2
PRIMARIA,5TO A,5TO A,4,07:20,08:40,MÚSICA,
PRIMARIA,5TO A,5TO A,5,07:20,08:40,MATEMÁTICA,
PRIMARIA,5TO A,5TO A,1,09:10,10:30,INGLÉS,
PRIMARIA,5TO A,5TO A,2,09:10,10:30,CIENCIAS NATURALES,
PRIMARIA,5TO A,5TO A,3,09:10,10:30,INGLÉS,2
PRIMARIA,5TO A,5TO A,3,09:10,10:30,ROBÓTICA,1
PRIMARIA,5TO A,5TO A,4,09:10,10:30,MATEMÁTICA,
PRIMARIA,5TO A,5TO A,5,09:10,10:30,LENGUA,
PRIMARIA,5TO A,5TO A,1,10:45,11:55,FORMACIÓN HUMANO CRISTIANA,
PRIMARIA,5TO A,5TO A,2,10:45,11:55,INGLÉS,
PRIMARIA,5TO A,5TO A,3,10:45,11:55,CIENCIAS NATURALES,
PRIMARIA,5TO A,5TO A,4,10:45,11:55,CIENCIAS SOCIALES,
PRIMARIA,5TO A,5TO A,5,10:45,11:55,EDUCACIÓN FÍSICA,
PRIMARIA,5TO A,5TO A,1,11:55,12:30,EDUCACIÓN ESTÉTICA,
PRIMARIA,5TO A,5TO A,2,11:55,12:30,LENGUA,
PRIMARIA,5TO A,5TO A,3,11:55,12:30,MATEMÁTICA,
PRIMARIA,5TO A,5TO A,4,11:55,12:30,EDUCACIÓN ESTÉTICA,
PRIMARIA,5TO A,5TO A,5,11:55,12:30,SOCIO EMOCIONAL,
PRIMARIA,5TO B,5TO B,1,07:20,08:40,MATEMÁTICA,
PRIMARIA,5TO B,5TO B,2,07:20,08:40,INGLÉS,
PRIMARIA,5TO B,5TO B,3,07:20,08:40,CIENCIAS SOCIALES,
PRIMARIA,5TO B,5TO B,4,07:20,08:40,CIENCIAS NATURALES,
PRIMARIA,5TO B,5TO B,5,07:20,08:40,LENGUA,
PRIMARIA,5TO B,5TO B,1,09:10,10:30,CIENCIAS SOCIALES,
PRIMARIA,5TO B,5TO B,2,09:10,10:30,MÚSICA,
PRIMARIA,5TO B,5TO B,3,09:10,10:30,CIENCIAS NATURALES,
PRIMARIA,5TO B,5TO B,4,09:10,10:30,LENGUA,
PRIMARIA,5TO B,5TO B,5,09:10,10:30,MATEMÁTICA,
PRIMARIA,5TO B,5TO B,1,10:45,11:55,EDUCACIÓN FÍSICA,
PRIMARIA,5TO B,5TO B,2,10:45,11:55,FORMACIÓN HUMANO CRISTIANA,
PRIMARIA,5TO B,5TO B,3,10:45,11:55,INGLÉS,1
PRIMARIA,5TO B,5TO B,3,10:45,11:55,ROBÓTICA,2
PRIMARIA,5TO B,5TO B,4,10:45,11:55,INGLÉS,2
PRIMARIA,5TO B,5TO B,4,10:45,11:55,ROBÓTICA,1
PRIMARIA,5TO B,5TO B,5,10:45,11:55,INGLÉS,
PRIMARIA,5TO B,5TO B,1,11:55,12:30,EDUCACIÓN ESTÉTICA,
PRIMARIA,5TO B,5TO B,2,11:55,12:30,MATEMÁTICA,
PRIMARIA,5TO B,5TO B,3,11:55,12:30,LENGUA,
PRIMARIA,5TO B,5TO B,4,11:55,12:30,EDUCACIÓN ESTÉTICA,
PRIMARIA,5TO B,5TO B,5,11:55,12:30,SOCIO EMOCIONAL,
PRIMARIA,6TO A,6TO A,1,07:20,08:40,MÚSICA,
PRIMARIA,6TO A,6TO A,2,07:20,08:40,MATEMÁTICA,
PRIMARIA,6TO A,6TO A,3,07:20,08:40,INGLÉS,
PRIMARIA,6TO A,6TO A,4,07:20,08:40,LENGUA,
PRIMARIA,6TO A,6TO A,5,07:20,08:40,INGLÉS,1
PRIMARIA,6TO A,6TO A,5,07:20,08:40,ROBÓTICA,2
PRIMARIA,6TO A,6TO A,1,09:10,10:30,LENGUA,
PRIMARIA,6TO A,6TO A,2,09:10,10:30,FORMACIÓN HUMANO CRISTIANA,
PRIMARIA,6TO A,6TO A,3,09:10,10:30,MATEMÁTICA,
PRIMARIA,6TO A,6TO A,4,09:10,10:30,INGLÉS,
PRIMARIA,6TO A,6TO A,5,09:10,10:30,INGLÉS,2
PRIMARIA,6TO A,6TO A,5,09:10,10:30,ROBÓTICA,1
PRIMARIA,6TO A,6TO A,1,10:45,11:55,CIENCIAS SOCIALES,
PRIMARIA,6TO A,6TO A,2,10:45,11:55,EDUCACIÓN FÍSICA,
PRIMARIA,6TO A,6TO A,3,10:45,11:55,CIENCIAS NATURALES,
PRIMARIA,6TO A,6TO A,4,10:45,11:55,CIENCIAS SOCIALES,
PRIMARIA,6TO A,6TO A,5,10:45,11:55,CIENCIAS NATURALES,
PRIMARIA,6TO A,6TO A,1,11:55,12:30,SOCIO EMOCIONAL,
PRIMARIA,6TO A,6TO A,2,11:55,12:30,LENGUA,
PRIMARIA,6TO A,6TO A,3,11:55,12:30,EDUCACIÓN ESTÉTICA,
PRIMARIA,6TO A,6TO A,4,11:55,12:30,MATEMÁTICA,
PRIMARIA,6TO A,6TO A,5,11:55,12:30,EDUCACIÓN ESTÉTICA,
PRIMARIA,6TO B,6TO B,1,07:20,08:40,INGLÉS,
PRIMARIA,6TO B,6TO B,2,07:20,08:40,FORMACIÓN HUMANO CRISTIANA,
PRIMARIA,6TO B,6TO B,3,07:20,08:40,CIENCIAS NATURALES,
PRIMARIA,6TO B,6TO B,4,07:20,08:40,MATEMÁTICA,
PRIMARIA,6TO B,6TO B,5,07:20,08:40,CIENCIAS NATURALES,
PRIMARIA,6TO B,6TO B,1,09:10,10:30,MATEMÁTICA,
PRIMARIA,6TO B,6TO B,2,09:10,10:30,LENGUA,
PRIMARIA,6TO B,6TO B,3,09:10,10:30,CIENCIAS SOCIALES,
PRIMARIA,6TO B,6TO B,4,09:10,10:30,CIENCIAS SOCIALES,
PRIMARIA,6TO B,6TO B,5,09:10,10:30,LENGUA,
PRIMARIA,6TO B,6TO B,1,10:45,11:55,MÚSICA,
PRIMARIA,6TO B,6TO B,2,10:45,11:55,INGLÉS,
PRIMARIA,6TO B,6TO B,3,10:45,11:55,EDUCACIÓN FÍSICA,
PRIMARIA,6TO B,6TO B,4,10:45,11:55,INGLÉS,1
PRIMARIA,6TO B,6TO B,4,10:45,11:55,ROBÓTICA,2
PRIMARIA,6TO B,6TO B,5,10:45,11:55,INGLÉS,2
PRIMARIA,6TO B,6TO B,5,10:45,11:55,ROBÓTICA,1
PRIMARIA,6TO B,6TO B,1,11:55,12:30,SOCIO EMOCIONAL,
PRIMARIA,6TO B,6TO B,2,11:55,12:30,MATEMÁTICA,
PRIMARIA,6TO B,6TO B,3,11:55,12:30,EDUCACIÓN ESTÉTICA,
PRIMARIA,6TO B,6TO B,4,11:55,12:30,LENGUA,
PRIMARIA,6TO B,6TO B,5,11:55,12:30,EDUCACIÓN ESTÉTICA,
PRIMARIA,INICIAL 1°,INICIAL 1°,1,07:20,08:40,EDUCACION FISICA,
PRIMARIA,INICIAL 1°,INICIAL 1°,3,07:20,08:40,ROBOTICA,
PRIMARIA,INICIAL 1°,INICIAL 1°,5,07:20,08:40,MUSICA,
PRIMARIA,INICIAL 1°,INICIAL 1°,1,10:45,11:55,INGLES,
PRIMARIA,INICIAL 1°,INICIAL 1°,5,11:55,12:30,INGLES,
PRIMARIA,INICIAL 2°,INICIAL 2°,2,07:20,08:40,INGLES,
PRIMARIA,INICIAL 2°,INICIAL 2°,3,07:20,08:40,EDUCACION FISICA,
PRIMARIA,INICIAL 2°,INICIAL 2°,1,09:10,10:30,INGLES,
PRIMARIA,INICIAL 2°,INICIAL 2°,3,09:10,10:30,ROBOTICA,
PRIMARIA,INICIAL 2°,INICIAL 2°,5,09:10,10:30,MUSICA,
PRIMARIA,INICIAL 2°,INICIAL 2°,3,10:45,11:55,INGLES,
PRIMARIA,INICIAL 3°,INICIAL 3°,4,07:20,08:40,EDUCACION FISICA,
PRIMARIA,INICIAL 3°,INICIAL 3°,5,07:20,08:00,INGLES,
PRIMARIA,INICIAL 3°,INICIAL 3°,2,09:10,09:50,INGLES,
PRIMARIA,INICIAL 3°,INICIAL 3°,3,10:45,11:55,ROBOTICA,
PRIMARIA,INICIAL 3°,INICIAL 3°,4,10:45,11:55,INGLES,
PRIMARIA,INICIAL 3°,INICIAL 3°,5,10:45,11:55,MUSICA,
